:,-
CC,and
CC,both
CC,but
CC,either
CC,neither
CC,nor
CC,or
CC,plus
CD,billion
CD,eight
CD,eighteen
CD,eighty
CD,fifteen
CD,fifty
CD,five
CD,forty
CD,four
CD,fourteen
CD,hundred
CD,millimetre
CD,million
CD,nine
CD,nineteen
CD,ninety
CD,one
CD,seven
CD,seventeen
CD,seventy
CD,six
CD,sixteen
CD,sixty
CD,ten
CD,thirteen
CD,thirty
CD,thousand
CD,three
CD,twelve
CD,twenty
CD,two
CD,zero
DT,a
DT,all
DT,another
DT,any
DT,each
DT,every
DT,no
DT,some
DT,the
DT,this
FW,e.g.
FW,etc.
FW,ex
FW,i.e.
IN,about
IN,across
IN,after
IN,against
IN,ago
IN,along
IN,alongside
IN,although
IN,among
IN,around
IN,as
IN,at
IN,because
IN,before
IN,behind
IN,below
IN,beneath
IN,between
IN,beyond
IN,by
IN,despite
IN,down
IN,during
IN,except
IN,for
IN,from
IN,if
IN,in
IN,inside
IN,into
IN,like
IN,near
IN,next
IN,of
IN,off
IN,on
IN,onto
IN,out
IN,outside
IN,over
IN,per
IN,since
IN,than
IN,that
IN,though
IN,through
IN,throughout
IN,till
IN,towards
IN,under
IN,underneath
IN,unless
IN,unlike
IN,until
IN,up
IN,upon
IN,via
IN,whereas
IN,whether
IN,while
IN,with
IN,within
IN,without
JJ,able
JJ,above
JJ,absent
JJ,absolute
JJ,academic
JJ,acceptable
JJ,accidental
JJ,accurate
JJ,active
JJ,actual
JJ,additional
JJ,adequate
JJ,admire
JJ,adult
JJ,afraid
JJ,aged
JJ,aggressive
JJ,alarming
JJ,alcoholic
JJ,alive
JJ,alphabetical
JJ,alternative
JJ,amazing
JJ,amusing
JJ,ancient
JJ,angry
JJ,annoy
JJ,annoyed
JJ,annoying
JJ,annual
JJ,anti-
JJ,anxious
JJ,apparent
JJ,appropriate
JJ,approximate
JJ,armed
JJ,artificial
JJ,artistic
JJ,ashamed
JJ,asleep
JJ,attractive
JJ,automatic
JJ,available
JJ,average
JJ,awake
JJ,aware
JJ,away/off
JJ,awful
JJ,awkward
JJ,bad
JJ,bad-tempered
JJ,basic
JJ,beautiful
JJ,bent
JJ,big
JJ,bitter
JJ,black
JJ,blank
JJ,blind
JJ,blonde
JJ,blue
JJ,bored
JJ,boring
JJ,brief
JJ,bright
JJ,brilliant
JJ,broad
JJ,broken
JJ,brown
JJ,burnt
JJ,bush
JJ,busy
JJ,calm
JJ,capable
JJ,careful
JJ,careless
JJ,central
JJ,certain
JJ,characteristic
JJ,cheap
JJ,cheerful
JJ,civil
JJ,classic
JJ,clean
JJ,clear
JJ,clever
JJ,cold
JJ,comfortable
JJ,commercial
JJ,common
JJ,competitive
JJ,complete
JJ,complex
JJ,complicated
JJ,concerned
JJ,concrete
JJ,confident
JJ,confused
JJ,confusing
JJ,connected
JJ,conscious
JJ,conservative
JJ,considerable
JJ,constant
JJ,contemporary
JJ,continuous
JJ,convenient
JJ,conventional
JJ,cool
JJ,correct
JJ,crazy
JJ,criminal
JJ,crisp
JJ,critical
JJ,crucial
JJ,cruel
JJ,cultural
JJ,curious
JJ,curly
JJ,current
JJ,curved
JJ,daily
JJ,damp
JJ,dangerous
JJ,dark
JJ,dead
JJ,deaf
JJ,decorative
JJ,deep
JJ,definite
JJ,deliberate
JJ,delicate
JJ,delighted
JJ,depressed
JJ,depressing
JJ,desperate
JJ,detailed
JJ,devoted
JJ,different
JJ,difficult
JJ,digital
JJ,direct
JJ,dirty
JJ,disabled
JJ,disappointed
JJ,disappointing
JJ,disgusted
JJ,disgusting
JJ,dishonest
JJ,disturbing
JJ,domestic
JJ,double
JJ,downward
JJ,dramatic
JJ,drunk
JJ,dry
JJ,due
JJ,dull
JJ,east
JJ,eastern
JJ,easy
JJ,economic
JJ,effective
JJ,efficient
JJ,eighth
JJ,elderly
JJ,electric
JJ,electrical
JJ,electronic
JJ,elegant
JJ,embarrassed
JJ,embarrassing
JJ,emotional
JJ,empty
JJ,enjoyable
JJ,enormous
JJ,enough
JJ,entertaining
JJ,enthusiastic
JJ,entire
JJ,environmental
JJ,equal
JJ,equivalent
JJ,essential
JJ,evil
JJ,exact
JJ,exaggerated
JJ,excellent
JJ,excite
JJ,excited
JJ,exciting
JJ,expensive
JJ,extensive
JJ,extra
JJ,extraordinary
JJ,extreme
JJ,faint
JJ,fair
JJ,faithful
JJ,false
JJ,familiar
JJ,famous
JJ,fancy
JJ,fashionable
JJ,fast
JJ,fat
JJ,favourite
JJ,federal
JJ,fellow
JJ,female
JJ,few
JJ,fifth
JJ,final
JJ,financial
JJ,fine
JJ,first
JJ,flat
JJ,folding
JJ,foreign
JJ,formal
JJ,former
JJ,fourteenth
JJ,fourth
JJ,free
JJ,frequent
JJ,fresh
JJ,friendly
JJ,frightened
JJ,frightening
JJ,front
JJ,frozen
JJ,full
JJ,fundamental
JJ,funny
JJ,further
JJ,future
JJ,general
JJ,generous
JJ,gentle
JJ,genuine
JJ,giant
JJ,glad
JJ,global
JJ,gold
JJ,good
JJ,gradual
JJ,grand
JJ,grateful
JJ,grave
JJ,great
JJ,green
JJ,grey
JJ,guilty
JJ,happy
JJ,hard
JJ,harmful
JJ,harmless
JJ,healthy
JJ,heavy
JJ,helpful
JJ,high
JJ,historical
JJ,hollow
JJ,holy
JJ,honest
JJ,horizontal
JJ,hot
JJ,huge
JJ,human
JJ,humorous
JJ,hundredth
JJ,hungry
JJ,hurt
JJ,ideal
JJ,ill
JJ,illegal
JJ,imaginary
JJ,immediate
JJ,immoral
JJ,impatient
JJ,important
JJ,impossible
JJ,impressed
JJ,impressive
JJ,independent
JJ,indirect
JJ,individual
JJ,indoor
JJ,industrial
JJ,inevitable
JJ,infected
JJ,infectious
JJ,informal
JJ,initial
JJ,injure
JJ,injured
JJ,inner
JJ,innocent
JJ,insect
JJ,insulting
JJ,intelligent
JJ,intended
JJ,interested
JJ,interesting
JJ,interior
JJ,internal
JJ,international
JJ,interrupt
JJ,irritated
JJ,irritating
JJ,jealous
JJ,joint
JJ,justified
JJ,keen
JJ,key
JJ,known
JJ,large
JJ,last
JJ,late
JJ,later
JJ,latter
JJ,lazy
JJ,lean
JJ,legal
JJ,lemon
JJ,light
JJ,likely
JJ,limited
JJ,little
JJ,live
JJ,lively
JJ,local
JJ,located
JJ,logical
JJ,lonely
JJ,long
JJ,loose
JJ,lord
JJ,loud
JJ,lovely
JJ,low
JJ,loyal
JJ,lucky
JJ,mad
JJ,magic
JJ,main
JJ,major
JJ,male
JJ,many
JJ,massive
JJ,medical
JJ,mental
JJ,mere
JJ,mid
JJ,middle
JJ,mild
JJ,military
JJ,millionth
JJ,minor
JJ,mistaken
JJ,mixed
JJ,mobile
JJ,modern
JJ,moral
JJ,much
JJ,mum
JJ,musical
JJ,mysterious
JJ,naked
JJ,narrow
JJ,national
JJ,natural
JJ,nearby
JJ,neat
JJ,necessary
JJ,negative
JJ,nervous
JJ,net
JJ,new
JJ,next
JJ,nice
JJ,niece
JJ,nineteenth
JJ,ninth
JJ,noisy
JJ,non
JJ,normal
JJ,northern
JJ,noticeable
JJ,novel
JJ,nuclear
JJ,obvious
JJ,occupied
JJ,odd
JJ,offensive
JJ,OK
JJ,old
JJ,old-fashioned
JJ,open
JJ,opposite
JJ,orange
JJ,ordinary
JJ,original
JJ,other
JJ,ours
JJ,outdoor
JJ,outer
JJ,outstanding
JJ,overall
JJ,own
JJ,painful
JJ,pale
JJ,parallel
JJ,particular
JJ,past
JJ,peaceful
JJ,perfect
JJ,permanent
JJ,personal
JJ,physical
JJ,pink
JJ,pleasant
JJ,pleased
JJ,plenty
JJ,poisonous
JJ,polite
JJ,political
JJ,poor
JJ,popular
JJ,positive
JJ,possible
JJ,post
JJ,potential
JJ,powerful
JJ,practical
JJ,precise
JJ,pregnant
JJ,prepared
JJ,present
JJ,pretend
JJ,previous
JJ,primary
JJ,prime
JJ,prior
JJ,private
JJ,probable
JJ,professional
JJ,prompt
JJ,proper
JJ,proud
JJ,public
JJ,pure
JJ,purple
JJ,quick
JJ,quiet
JJ,rapid
JJ,rare
JJ,raw
JJR,better
JJ,ready
JJ,real
JJ,realistic
JJ,rear
JJ,reasonable
JJ,recent
JJ,red
JJ,regional
JJ,regular
JJ,related
JJ,relative
JJ,relevant
JJ,religious
JJ,remarkable
JJ,remote
JJ,representative
JJ,responsible
JJ,restricted
JJ,retired
JJ,reverse
JJ,rich
JJ,rid
JJ,ridiculous
JJ,right
JJ,rival
JJR,less
JJ,romantic
JJ,rough
JJ,round
JJ,routine
JJ,rubbish
JJ,rude
JJ,rural
JJR,worse
JJ,sad
JJ,safe
JJ,salty
JJ,same
JJ,satisfied
JJS,best
JJ,scared
JJ,scientific
JJ,second
JJ,secondary
JJ,secure
JJ,select
JJ,senior
JJ,sensible
JJ,sensitive
JJ,separate
JJ,separated
JJ,serious
JJ,servant
JJ,seventh
JJ,several
JJ,severe
JJ,sexual
JJS,farthest
JJ,shallow
JJ,shaped
JJ,sharp
JJ,shiny
JJ,shocking
JJ,short
JJ,shy
JJ,sick
JJ,significant
JJ,silent
JJ,silly
JJ,similar
JJ,simple
JJ,sincere
JJ,single
JJ,sixth
JJ,skilful
JJ,skilled
JJS,latest
JJS,least
JJ,slight
JJ,slow
JJ,small
JJ,smart
JJ,smooth
JJ,social
JJ,soft
JJ,solid
JJ,sore
JJ,sorry
JJ,sour
JJ,southern
JJ,spare
JJ,special
JJ,specific
JJ,spicy
JJ,spiritual
JJ,spoil
JJ,stable
JJ,standard
JJ,steady
JJ,steep
JJ,sticky
JJ,stiff
JJ,straight
JJ,strange
JJ,strict
JJ,striking
JJ,strong
JJ,stupid
JJ,subject
JJ,substantial
JJ,substitute
JJ,successful
JJ,such
JJ,suck
JJ,sudden
JJ,sufficient
JJ,suitable
JJ,superior
JJ,sure
JJ,surprising
JJ,suspect
JJ,suspicious
JJ,sweet
JJ,swollen
JJS,worst
JJ,sympathetic
JJ,tall
JJ,technical
JJ,temporary
JJ,terrible
JJ,theirs
JJ,thick
JJ,thin
JJ,third
JJ,thirsty
JJ,thirteenth
JJ,thorough
JJ,thousandth
JJ,threatening
JJ,tidy
JJ,tight
JJ,tiny
JJ,tired
JJ,top
JJ,total
JJ,tough
JJ,traditional
JJ,transparent
JJ,tropical
JJ,true
JJ,twin
JJ,typical
JJ,ugly
JJ,ultimate
JJ,unable
JJ,unacceptable
JJ,uncertain
JJ,uncomfortable
JJ,unconscious
JJ,uncontrolled
JJ,underground
JJ,underwater
JJ,unemployed
JJ,unexpected
JJ,unfair
JJ,unfortunate
JJ,unfriendly
JJ,unhappy
JJ,uniform
JJ,unimportant
JJ,unique
JJ,unkind
JJ,unknown
JJ,unlikely
JJ,unlucky
JJ,unnecessary
JJ,unpleasant
JJ,unreasonable
JJ,unsteady
JJ,unsuccessful
JJ,untidy
JJ,unusual
JJ,unwilling
JJ,upper
JJ,upset
JJ,upward
JJ,urban
JJ,urgent
JJ,useful
JJ,useless
JJ,usual
JJ,valid
JJ,valuable
JJ,various
JJ,vast
JJ,vertical
JJ,violent
JJ,visible
JJ,vital
JJ,warm
JJ,weak
JJ,weekly
JJ,welcome
JJ,western
JJ,wet
JJ,white
JJ,whole
JJ,wide
JJ,wild
JJ,willing
JJ,wise
JJ,wonderful
JJ,wooden
JJ,worried
JJ,wrong
JJ,yellow
JJ,young
MD,can
MD,could
MD,may
MD,might
MD,must
MD,ought
MD,shall
MD,should
MD,will
MD,would
NN,ability
NN,absence
NN,abuse
NN,accent
NN,access
NN,accident
NN,accommodation
NN,account
NN,achievement
NN,acid
NN,acquire
NN,act
NN,action
NN,activity
NN,actor
NN,actress
NN,ad
NN,addition
NN,address
NN,admiration
NN,advance
NN,advantage
NN,adventure
NN,advert
NN,advertisement
NN,advertising
NN,advice
NN,affair
NN,affection
NN,afternoon
NN,age
NN,agency
NN,agent
NN,agreement
NN,aid
NN,aim
NN,air
NN,aircraft
NN,airport
NN,alarm
NN,alcohol
NN,ally
NN,alphabet
NN,ambition
NN,ambulance
NN,amount
NN,analysis
NN,anger
NN,angle
NN,animal
NN,ankle
NN,anniversary
NN,answer
NN,anxiety
NN,anybody
NN,anyone
NN,anything
NN,apartment
NN,appeal
NN,appearance
NN,apple
NN,application
NN,appointment
NN,approach
NN,approval
NN,area
NN,argument
NN,arm
NN,army
NN,arrangement
NN,arrest
NN,arrival
NN,arrow
NN,art
NN,article
NN,artist
NN,aspect
NN,assistance
NN,assistant
NN,associate
NN,association
NN,atmosphere
NN,atom
NN,attack
NN,attempt
NN,attention
NN,attitude
NN,attorney
NN,attraction
NN,audience
NN,aunt
NN,author
NN,authority
NN,autumn
NN,award
NN,baby
NN,background
NN,bag
NN,baggage
NN,balance
NN,ball
NN,ban
NN,band
NN,bandage
NN,bank
NN,bar
NN,bargain
NN,barrier
NN,base
NN,basis
NN,bath
NN,bathroom
NN,battery
NN,battle
NN,bay
NN,beach
NN,beak
NN,bear
NN,beard
NN,beat
NN,beauty
NN,bed
NN,bedroom
NN,beef
NN,beer
NN,behalf
NN,behaviour
NN,belief
NN,bell
NN,belt
NN,bend
NN,benefit
NN,bicycle
NN,bid
NN,bike
NN,bill
NN,bin
NN,biology
NN,bird
NN,birth
NN,birthday
NN,biscuit
NN,bit
NN,blade
NN,blame
NN,block
NN,blood
NN,blow
NN,board
NN,boat
NN,body
NN,bomb
NN,bone
NN,book
NN,boot
NN,border
NN,boss
NN,bottle
NN,bottom
NN,bowl
NN,box
NN,boy
NN,boyfriend
NN,brain
NN,branch
NN,brand
NN,bread
NN,break
NN,breakfast
NN,breast
NN,breath
NN,breathing
NN,breed
NN,brick
NN,bridge
NN,briefly
NN,broadcast
NN,brother
NN,brush
NN,bubble
NN,budget
NN,bullet
NN,bunch
NN,burst
NN,bus
NN,business
NN,businessman
NN,butter
NN,button
NN,buyer
NN,bye
NN,cabinet
NN,cable
NN,cake
NN,calculation
NN,call
NN,calm
NN,camera
NN,camp
NN,campaign
NN,camping
NN,cancer
NN,candidate
NN,candy
NN,capacity
NN,capital
NN,captain
NN,capture
NN,car
NN,card
NN,cardboard
NN,care
NN,career
NN,carpet
NN,carrot
NN,case
NN,cash
NN,castle
NN,cat
NN,catch
NN,category
NN,cause
NN,CD
NN,ceiling
NN,celebration
NN,cell
NN,cent
NN,centimetre
NN,centre
NN,century
NN,ceremony
NN,certificate
NN,chain
NN,chair
NN,chairman
NN,chairwoman
NN,challenge
NN,chamber
NN,chance
NN,change
NN,channel
NN,chapter
NN,character
NN,charge
NN,charity
NN,chart
NN,chase
NN,chat
NN,check
NN,cheek
NN,cheese
NN,chemical
NN,chemist
NN,chemistry
NN,cheque
NN,chest
NN,chicken
NN,chief
NN,child
NN,chin
NN,chip
NN,chocolate
NN,choice
NN,church
NN,cigarette
NN,cinema
NN,circle
NN,circumstance
NN,citizen
NN,city
NN,claim
NN,clap
NN,class
NN,classroom
NN,clerk
NN,client
NN,climate
NN,climb
NN,clock
NN,close
NN,closet
NN,cloth
NN,clothing
NN,cloud
NN,club
NN,coach
NN,coal
NN,coast
NN,coat
NN,code
NN,coffee
NN,coin
NN,collapse
NN,colleague
NN,collection
NN,college
NN,colour
NN,column
NN,combination
NN,comedy
NN,command
NN,comment
NN,commission
NN,commitment
NN,committee
NN,communication
NN,community
NN,company
NN,comparison
NN,competition
NN,complaint
NN,computer
NN,concentrate
NN,concentration
NN,concept
NN,concern
NN,concert
NN,conclusion
NN,condition
NN,conduct
NN,conference
NN,confidence
NN,conflict
NN,confusion
NN,congratulation
NN,congress
NN,connection
NN,consequence
NN,consideration
NN,construct
NN,construction
NN,consumer
NN,contact
NN,container
NN,content
NN,contest
NN,context
NN,continent
NN,contract
NN,contrast
NN,contribution
NN,control
NN,convention
NN,conversation
NN,cook
NN,cooker
NN,cookie
NN,cooking
NN,cool
NN,copy
NN,core
NN,corner
NN,cottage
NN,cotton
NN,cough
NN,council
NN,count
NN,counter
NN,country
NN,countryside
NN,county
NN,couple
NN,courage
NN,course
NN,court
NN,cousin
NN,cover
NN,cow
NN,crack
NN,craft
NN,crash
NN,cream
NN,creature
NN,credit
NN,crime
NN,crisis
NN,criterion
NN,criticism
NN,crop
NN,crowd
NN,crown
NN,crush
NN,cry
NN,culture
NN,cup
NN,cupboard
NN,curb
NN,cure
NN,curtain
NN,curve
NN,custom
NN,customer
NN,cycle
NN,cycling
NN,dad
NN,damage
NN,dance
NN,dancer
NN,dancing
NN,danger
NN,date
NN,daughter
NN,day
NN,deal
NN,death
NN,debate
NN,debt
NN,decade
NN,decay
NN,decision
NN,decline
NN,decoration
NN,decrease
NN,defence
NN,definition
NN,degree
NN,delay
NN,delight
NN,delivery
NN,demand
NN,dentist
NN,department
NN,departure
NN,deposit
NN,depth
NN,description
NN,desert
NN,design
NN,desire
NN,desk
NN,destruction
NN,detail
NN,determination
NN,development
NN,device
NN,diagram
NN,diamond
NN,diary
NN,dictionary
NN,diet
NN,difference
NN,difficulty
NN,dig
NN,dinner
NN,direction
NN,director
NN,dirt
NN,disadvantage
NN,disagreement
NN,disappointment
NN,disapproval
NN,disaster
NN,disc
NN,discipline
NN,discount
NN,discovery
NN,discussion
NN,disease
NN,disgust
NN,dish
NN,disk
NN,dislike
NN,display
NN,distance
NN,distribution
NN,district
NN,divide
NN,division
NN,divorce
NN,doctor
NN,document
NN,dog
NN,dollar
NN,door
NN,dot
NN,doubt
NN,dozen
NN,draft
NN,drag
NN,drama
NN,drawer
NN,dream
NN,dress
NN,drink
NN,drive
NN,driver
NN,drop
NN,drug
NN,drugstore
NN,dump
NN,dust
NN,duty
NN,DVD
NN,ear
NN,earth
NN,ease
NN,economy
NN,edge
NN,edition
NN,editor
NN,education
NN,effect
NN,effort
NN,egg
NN,eighteenth
NN,eightieth
NN,elbow
NN,election
NN,electricity
NN,element
NN,elevator
NN,embarrassment
NN,emergency
NN,emotion
NN,emphasis
NN,empire
NN,employee
NN,employer
NN,employment
NN,encounter
NN,encouragement
NN,end
NN,enemy
NN,energy
NN,engine
NN,engineer
NN,engineering
NN,enjoyment
NN,enquiry
NN,entertainer
NN,entertainment
NN,enthusiasm
NN,entrance
NN,entry
NN,envelope
NN,environment
NN,equipment
NN,error
NN,escape
NN,essay
NN,estate
NN,estimate
NN,euro
NN,evening
NN,event
NN,everybody
NN,everyone
NN,everything
NN,evidence
NN,exam
NN,examination
NN,example
NN,exception
NN,exchange
NN,excitement
NN,excuse
NN,executive
NN,exercise
NN,exhibition
NN,existence
NN,exit
NN,expectation
NN,expense
NN,experience
NN,experiment
NN,expert
NN,explanation
NN,explosion
NN,export
NN,expression
NN,extension
NN,extent
NN,eye
NN,face
NN,facility
NN,fact
NN,factor
NN,factory
NN,failure
NN,faith
NN,fame
NN,family
NN,fan
NN,farm
NN,farmer
NN,fashion
NN,fasten
NN,father
NN,faucet
NN,fault
NN,favour
NN,fear
NN,feather
NN,feature
NN,fee
NN,feed
NN,feeling
NN,fence
NN,festival
NN,fever
NN,field
NN,fifteenth
NN,fiftieth
NN,fight
NN,figure
NN,file
NN,fill
NN,film
NN,finger
NN,finish
NN,fire
NN,firm
NN,fish
NN,fishing
NN,fit
NN,fix
NN,flag
NN,flame
NN,flash
NN,flavour
NN,flesh
NN,flight
NN,float
NN,flood
NN,flooding
NN,floor
NN,flour
NN,flow
NN,flower
NN,flu
NN,focus
NN,fold
NN,food
NN,foot
NN,football
NN,force
NN,forecast
NN,forest
NN,fork
NN,form
NN,formula
NN,fortieth
NN,fortune
NN,foundation
NN,frame
NN,freedom
NN,fridge
NN,friend
NN,friendship
NN,frighten
NN,fruit
NN,fry
NN,fuel
NN,fun
NN,function
NN,fund
NN,funeral
NN,fur
NN,furniture
NN,gain
NN,gallon
NN,gamble
NN,gambling
NN,game
NN,gap
NN,garage
NN,garbage
NN,garden
NN,gas
NN,gasoline
NN,gate
NN,gear
NN,generation
NN,gentleman
NN,geography
NN,gift
NN,girl
NN,girlfriend
NN,glass
NN,glove
NN,glue
NN,go
NN,goal
NN,god
NN,goodbye
NN,government
NN,governor
NN,grab
NN,grade
NN,grain
NN,gram
NN,grammar
NN,grandchild
NN,granddaughter
NN,grandfather
NN,grandmother
NN,grandparent
NN,grandson
NN,grant
NN,grass
NN,grocery
NN,ground
NN,group
NN,growth
NN,guarantee
NN,guard
NN,guess
NN,guest
NN,guide
NN,gun
NN,guy
NN,habit
NN,hair
NN,hairdresser
NN,half
NN,hall
NN,hand
NN,happiness
NN,harm
NN,hat
NN,hate
NN,hatred
NN,headache
NN,health
NN,hearing
NN,heart
NN,heat
NN,heating
NN,heaven
NN,heel
NN,height
NN,hell
NN,help
NN,hero
NN,highlight
NN,highway
NN,hill
NN,hip
NN,hire
NN,history
NN,hobby
NN,hold
NN,hole
NN,holiday
NN,home
NN,homework
NN,hook
NN,hope
NN,horn
NN,horror
NN,horse
NN,hospital
NN,host
NN,hotel
NN,hour
NN,house
NN,household
NN,housing
NN,humour
NN,hunt
NN,hunting
NN,hurry
NN,husband
NN,ice
NN,idea
NN,identity
NN,illness
NN,image
NN,imagination
NN,impact
NN,implication
NN,import
NN,importance
NN,impression
NN,improvement
NN,inability
NN,inch
NN,incident
NN,income
NN,increase
NN,independence
NN,index
NN,indication
NN,industry
NN,infection
NN,influence
NN,information
NN,ingredient
NN,initiative
NN,injury
NN,ink
NN,insert
NN,instance
NN,institute
NN,institution
NN,instruction
NN,instrument
NN,insult
NN,insurance
NN,intelligence
NN,intention
NN,interest
NN,Internet
NN,interpretation
NN,interruption
NN,interval
NN,interview
NN,introduction
NN,invention
NN,investigation
NN,investment
NN,invitation
NN,involvement
NN,iron
NN,island
NN,issue
NN,item
NN,jacket
NN,jam
NN,jewellery
NN,job
NN,joke
NN,journalist
NN,journey
NN,joy
NN,judge
NN,judgement
NN,juice
NN,jump
NN,junior
NN,justice
NN,keyboard
NN,kick
NN,kid
NN,kilogram
NN,kilometre
NN,kind
NN,kindness
NN,king
NN,kiss
NN,kitchen
NN,knee
NN,knife
NN,knot
NN,knowledge
NN,lab
NN,label
NN,laboratory
NN,labour
NN,lack
NN,lady
NN,lake
NN,lamp
NN,land
NN,landscape
NN,lane
NN,language
NN,laugh
NN,launch
NN,law
NN,lawyer
NN,layer
NN,lead
NN,leader
NN,leaf
NN,league
NN,leather
NN,leave
NN,lecture
NN,leg
NN,length
NN,lesson
NN,letter
NN,level
NN,library
NN,licence
NN,license
NN,lid
NN,lie
NN,life
NN,lift
NN,limit
NN,line
NN,link
NN,lip
NN,liquid
NN,list
NN,literature
NN,litre
NN,load
NN,loan
NN,location
NN,lock
NN,logic
NN,look
NN,lorry
NN,loss
NN,lover
NN,luck
NN,luggage
NN,lump
NN,lunch
NN,lung
NN,machine
NN,machinery
NN,magazine
NN,mail
NN,majority
NN,make-up
NN,mall
NN,man
NN,management
NN,manager
NN,manner
NN,manufacture
NN,manufacturer
NN,map
NN,march
NN,mark
NN,market
NN,marketing
NN,marriage
NN,mass
NN,master
NN,match
NN,mate
NN,material
NN,mathematics
NN,matter
NN,maximum
NN,mayor
NN,meal
NN,mean
NN,meaning
NN,measurement
NN,meat
NN,medicine
NN,medium
NN,meeting
NN,member
NN,membership
NN,memory
NN,menu
NN,mess
NN,message
NN,metal
NN,method
NN,metre
NN,midday
NN,midnight
NN,mile
NN,milk
NN,milligram
NN,mind
NN,mine
NN,mineral
NN,minimum
NN,minister
NN,ministry
NN,minority
NN,minute
NN,mirror
NN,mistake
NN,mix
NN,mixture
NN,model
NN,mom
NN,moment
NN,money
NN,monitor
NN,month
NN,mood
NN,moon
NN,morning
NN,mother
NN,motion
NN,motor
NN,motorbike
NN,motorcycle
NN,mountain
NN,mouse
NN,mouth
NN,move
NN,movement
NN,movie
NN,mud
NN,murder
NN,muscle
NN,museum
NN,music
NN,musician
NN,mystery
NN,nail
NN,name
NN,nation
NN,nature
NN,navy
NN,neck
NN,need
NN,needle
NN,neighbour
NN,neighbourhood
NN,nephew
NN,nerve
NN,nest
NN,network
NN,news
NN,newspaper
NN,night
NN,ninetieth
NN,nobody
NN,noise
NN,none
NN,nonsense
NN,nose
NN,note
NN,nothing
NN,notice
NN,number
NN,nurse
NN,nut
NN,obey
NN,object
NN,objective
NN,observation
NN,occasion
NN,ocean
NN,offence
NN,offense
NN,offer
NN,office
NN,officer
NN,official
NN,oil
NN,one
NN,onion
NN,online
NN,opening
NN,operation
NN,opinion
NN,opponent
NN,opportunity
NN,opposition
NN,option
NN,order
NN,organ
NN,organization
NN,origin
NN,outline
NN,output
NN,oven
NN,owner
NN,pace
NN,pack
NN,package
NN,packaging
NN,packet
NN,page
NN,pain
NN,paint
NN,painter
NN,painting
NN,pair
NN,palace
NN,pan
NN,panel
NN,paper
NNP,april
NN,parent
NN,park
NN,parliament
NN,part
NN,partner
NN,partnership
NN,party
NN,pass
NN,passage
NN,passenger
NN,passport
NN,path
NN,patience
NN,patient
NN,pattern
NNP,August
NN,pause
NN,pay
NN,payment
NNP,December
NN,peace
NN,peak
NN,pen
NN,pencil
NN,penny
NN,pension
NN,pepper
NN,performance
NN,performer
NN,period
NN,permission
NN,person
NN,personality
NN,pet
NN,petrol
NNP,February
NNP,Friday
NN,phase
NN,philosophy
NN,phone
NN,photo
NN,photograph
NN,photography
NN,phrase
NN,physics
NN,piano
NN,pick
NN,picture
NN,piece
NN,pig
NN,pile
NN,pill
NN,pilot
NN,pin
NN,pint
NN,pipe
NN,pitch
NN,pity
NNP,January
NNP,July
NNP,June
NN,place
NN,plane
NN,planet
NN,planning
NN,plant
NN,plastic
NN,plate
NN,platform
NN,play
NN,player
NN,pleasing
NN,pleasure
NN,plot
NN,plug
NNP,March
NNP,May
NNP,Monday
NNP,Mr
NNP,Mrs
NNP,Ms
NNP,November
NN,pocket
NNP,October
NN,poem
NN,poetry
NN,point
NN,poison
NN,pole
NN,police
NN,policy
NN,polish
NN,politician
NN,pollution
NN,pool
NN,pop
NN,population
NN,port
NN,position
NN,possession
NN,possibility
NN,pot
NN,potato
NN,pound
NN,powder
NN,power
NNP,photographer
NN,practice
NN,practise
NN,praise
NN,pray
NN,prayer
NN,preference
NN,preparation
NN,presence
NN,presentation
NN,president
NN,press
NN,pressure
NN,price
NN,pride
NN,priest
NN,prince
NN,princess
NN,principle
NN,print
NN,printer
NN,printing
NN,priority
NN,prison
NN,prisoner
NN,prize
NN,problem
NN,procedure
NN,process
NN,producer
NN,product
NN,production
NN,profession
NN,professor
NN,profit
NN,program
NN,programme
NN,progress
NN,project
NN,promotion
NN,pronunciation
NN,proof
NN,property
NN,proportion
NN,proposal
NN,prospect
NN,protection
NN,protest
NNP,Saturday
NNP,September
NNP,Sunday
NNP,Thursday
NNP,Tuesday
NN,pub
NN,publication
NN,publicity
NN,pull
NN,punch
NN,punishment
NN,pupil
NN,purchase
NN,purpose
NN,push
NNP,Wednesday
NN,qualification
NN,quality
NN,quantity
NN,quarter
NN,queen
NN,question
NN,race
NN,racing
NN,radio
NN,rail
NN,railroad
NN,railway
NN,rain
NN,raise
NN,range
NN,rank
NN,rate
NN,reach
NN,reaction
NN,reader
NN,reading
NN,reality
NN,reason
NN,receipt
NN,reception
NN,recognition
NN,record
NN,recording
NN,reduction
NN,reference
NN,reform
NN,refrigerator
NN,refusal
NN,regard
NN,region
NN,register
NN,regret
NN,regulation
NN,relation
NN,relationship
NN,release
NN,relief
NN,religion
NN,remark
NN,remind
NN,removal
NN,repair
NN,repeat
NN,reply
NN,report
NN,reputation
NN,request
NN,requirement
NN,rescue
NN,research
NN,reservation
NN,reserve
NN,resident
NN,resistance
NN,resolve
NN,resort
NN,resource
NN,respect
NN,response
NN,responsibility
NN,rest
NN,restaurant
NN,restriction
NN,result
NN,retirement
NN,return
NN,review
NN,revision
NN,revolution
NN,reward
NN,rhythm
NN,rice
NN,ride
NN,rider
NN,ring
NN,risk
NN,river
NN,road
NN,rob
NN,rock
NN,role
NN,roll
NN,roof
NN,room
NN,root
NN,rope
NN,round
NN,route
NN,row
NN,royal
NN,rub
NN,rubber
NN,rule
NN,ruler
NN,rumour
NN,run
NN,runner
NN,rush
NN,sack
NN,sadness
NN,safety
NN,sail
NN,sailing
NN,sailor
NN,salad
NN,salary
NN,sale
NN,salt
NN,sample
NN,sand
NNS,arms
NN,satisfaction
NN,sauce
NNS,bacteria
NN,scale
NN,scare
NN,scene
NN,schedule
NN,scheme
NN,school
NN,science
NN,scientist
NNS,clothes
NN,scratch
NN,screen
NNS,customs
NNS,data
NNS,downwards
NN,sea
NN,seal
NN,search
NN,season
NN,seat
NN,secret
NN,secretary
NN,section
NN,sector
NN,security
NN,seed
NN,selection
NNS,eleven
NN,self
NN,senate
NN,senator
NN,sense
NN,sentence
NN,separation
NN,series
NN,service
NN,session
NN,seventieth
NN,sex
NNS,goods
NN,shade
NN,shadow
NN,shake
NN,shame
NN,shape
NN,share
NN,sheep
NN,sheet
NN,shelf
NN,shell
NN,shelter
NNS,hers
NN,shift
NN,ship
NN,shirt
NN,shock
NN,shoe
NN,shoot
NN,shooting
NN,shop
NN,shopping
NN,shout
NN,show
NN,shower
NN,side
NN,sight
NN,sign
NN,signal
NN,signature
NN,silence
NN,silk
NN,silver
NN,singer
NN,singing
NN,sink
NN,sir
NN,sister
NN,site
NN,situation
NN,sixtieth
NN,size
NNS,jeans
NN,skill
NN,skin
NN,skirt
NN,sky
NN,sleep
NN,sleeve
NN,slice
NN,slide
NN,slope
NN,smash
NNS,media
NN,smell
NN,smile
NN,smoke
NN,smoking
NN,snake
NN,snow
NN,soap
NN,society
NN,sock
NN,software
NN,soil
NN,soldier
NN,solution
NN,somebody
NN,someone
NN,something
NN,son
NN,song
NN,sort
NN,soul
NN,sound
NN,soup
NN,source
NNS,outdoors
NN,space
NNS,pants
NN,speaker
NN,specialist
NN,speech
NN,speed
NN,spell
NN,spelling
NNS,people
NN,spice
NN,spider
NN,spin
NN,spirit
NN,spite
NN,split
NNS,politics
NN,spoon
NN,sport
NN,spot
NN,spray
NNS,premises
NN,spring
NN,square
NN,squeeze
NNS,scissors
NNS,surroundings
NN,staff
NN,stage
NN,stair
NN,stamp
NN,stand
NN,star
NN,start
NN,state
NN,statement
NN,station
NN,statue
NN,status
NN,steam
NN,steel
NN,step
NNS,thanks
NN,stick
NN,stock
NN,stomach
NN,stone
NN,store
NN,storm
NN,story
NN,stove
NN,strain
NN,stranger
NN,strategy
NN,stream
NN,street
NN,strength
NN,stress
NN,stretch
NN,string
NN,strip
NN,stripe
NN,stroke
NNS,trousers
NN,structure
NN,struggle
NN,student
NN,studio
NN,study
NN,stuff
NN,style
NN,substance
NN,success
NN,sugar
NN,suggestion
NN,suit
NN,suitcase
NN,sum
NN,summary
NN,summer
NN,sun
NN,supermarket
NN,supply
NN,support
NN,supporter
NNS,upwards
NN,surface
NN,surname
NN,surprise
NN,survey
NN,suspicion
NN,swearing
NN,sweat
NN,sweater
NN,sweep
NN,swell
NN,swing
NN,switch
NN,symbol
NN,sympathy
NN,system
NN,table
NN,tablet
NN,tail
NN,talk
NN,tank
NN,tap
NN,tape
NN,target
NN,task
NN,taste
NN,tax
NN,taxi
NN,tea
NN,teacher
NN,teaching
NN,team
NN,technique
NN,technology
NN,telephone
NN,television
NN,temperature
NN,tendency
NN,tension
NN,tent
NN,tenth
NN,term
NN,test
NN,text
NN,theater
NN,theatre
NN,theme
NN,theory
NN,thickness
NN,thief
NN,thing
NN,think
NN,thirtieth
NN,thread
NN,threat
NN,throat
NN,thumb
NN,ticket
NN,tie
NN,time
NN,timetable
NN,tin
NN,tip
NN,tire
NN,title
NN,today
NN,toe
NN,toilet
NN,tomato
NN,tomorrow
NN,ton
NN,tone
NN,tongue
NN,tonight
NN,tonne
NN,tool
NN,tooth
NN,topic
NN,tour
NN,tourist
NN,towel
NN,tower
NN,town
NN,toy
NN,trace
NN,track
NN,trade
NN,trading
NN,tradition
NN,traffic
NN,train
NN,training
NN,transfer
NN,translation
NN,transport
NN,transportation
NN,trap
NN,travel
NN,traveller
NN,treat
NN,treatment
NN,tree
NN,trend
NN,trial
NN,triangle
NN,trick
NN,trip
NN,trouble
NN,truck
NN,trust
NN,truth
NN,tube
NN,tune
NN,tunnel
NN,turn
NN,TV
NN,twelfth
NN,twentieth
NN,twist
NN,type
NN,umbrella
NN,uncle
NN,underwear
NN,unemployment
NN,union
NN,unit
NN,universe
NN,university
NN,urge
NN,user
NN,vacation
NN,valley
NN,value
NN,van
NN,variation
NN,variety
NN,vegetable
NN,vehicle
NN,venture
NN,version
NN,victim
NN,victory
NN,video
NN,view
NN,village
NN,violence
NN,virus
NN,vision
NN,visit
NN,visitor
NN,vocabulary
NN,voice
NN,volume
NN,vote
NN,wage
NN,waist
NN,waiter
NN,wake
NN,walk
NN,wall
NN,wallet
NN,war
NN,warmth
NN,wash
NN,waste
NN,watch
NN,water
NN,wave
NN,way
NN,weakness
NN,wealth
NN,weapon
NN,wear
NN,weather
NN,web
NN,website
NN,wedding
NN,week
NN,weekend
NN,weight
NN,west
NN,wheel
NN,whisper
NN,width
NN,wife
NN,willingness
NN,wind
NN,window
NN,wine
NN,wing
NN,winner
NN,winter
NN,wire
NN,wish
NN,witness
NN,woman
NN,wood
NN,wool
NN,word
NN,work
NN,worker
NN,world
NN,worry
NN,worship
NN,worth
NN,wrap
NN,wrist
NN,writer
NN,yard
NN,yawn
NN,yeah
NN,year
NN,yesterday
NN,youth
NN,zone
PRP,he
PRP$,her
PRP,herself
PRP,him
PRP,himself
PRP$,his
PRP,I
PRP,it
PRP$,its
PRP,itself
PRP,me
PRP$,my
PRP,myself
PRP$,our
PRP,ourselves
PRP,she
PRP$,their
PRP,them
PRP,themselves
PRP,they
PRP,us
PRP,we
PRP,you
PRP$,your
PRP$,yours
PRP,yourself
RB,about
RB,abroad
RB,absolutely
RB,accidentally
RB,accurately
RB,actively
RB,actually
RB,adequately
RB,afterwards
RB,again
RB,ahead
RB,almost
RB,alone
RB,aloud
RB,alphabetically
RB,already
RB,also
RB,alternatively
RB,altogether
RB,always
RB,a.m.
RB,angrily
RB,annually
RB,anxiously
RB,anyway
RB,anywhere
RB,apart
RB,apparently
RB,approximately
RB,artificially
RB,artistically
RB,aside
RB,automatically
RB,away
RB,awfully
RB,awkwardly
RB,back
RB,backward
RB,backwards
RB,badly
RB,basically
RB,beautifully
RB,because
RB,beside
RB,bitterly
RB,brightly
RB,broadly
RB,calmly
RB,carefully
RB,carelessly
RB,certainly
RB,cheaply
RB,cheerfully
RB,clearly
RB,closely
RB,coldly
RB,comfortably
RB,commonly
RB,completely
RB,confidently
RB,considerably
RB,constantly
RB,continuously
RB,correctly
RB,curiously
RB,currently
RB,dear
RB,deeply
RB,definitely
RB,deliberately
RB,desperately
RB,differently
RB,directly
RB,dishonestly
RB,down
RB,downstairs
RB,dramatically
RB,early
RB,easily
RB,effectively
RB,efficiently
RB,else
RB,elsewhere
RB,emotionally
RB,enthusiastically
RB,entirely
RB,equally
RB,especially
RB,essentially
RB,even
RB,eventually
RB,ever
RB,everywhere
RB,exactly
RB,extremely
RB,faintly
RB,fairly
RB,faithfully
RB,far
RB,finally
RB,finely
RB,firmly
RB,forever
RB,formally
RB,formerly
RB,forward
RB,freely
RB,frequently
RB,freshly
RB,fully
RB,generally
RB,generously
RB,gently
RB,genuinely
RB,gradually
RB,gravely
RB,greatly
RB,happily
RB,hardly
RB,heavily
RB,hence
RB,here
RB,highly
RB,honestly
RB,however
RB,illegally
RB,immediately
RB,importantly
RB,increasingly
RB,indeed
RB,independently
RB,indirectly
RB,indoors
RB,inevitably
RB,initially
RB,instead
RB,jelly
RB,jointly
RB,just
RB,kindly
RB,largely
RB,legally
RB,lightly
RB,locally
RB,loosely
RB,lot
RB,loudly
RB,mainly
RB,maybe
RB,meanwhile
RB,mentally
RB,merely
RB,morally
RB,moreover
RB,mostly
RB,naturally
RB,nearly
RB,neatly
RB,necessarily
RB,nervously
RB,never
RB,nevertheless
RB,newly
RB,nicely
RB,noisily
RB,normally
RB,north
RB,not
RB,now
RB,nowhere
RB,obviously
RB,occasionally
RB,o'clock
RB,oddly
RB,off
RB,officially
RB,often
RB,once
RB,only
RB,openly
RB,originally
RB,otherwise
RB,particularly
RB,partly
RB,perfectly
RB,perhaps
RB,permanently
RB,personally
RB,physically
RB,plain
RB,pleasantly
RB,p.m.
RB,politely
RB,politically
RB,possibly
RB,potentially
RB,practically
RB,precisely
RB,presumably
RB,pretty
RB,previously
RB,primarily
RB,privately
RB,probably
RB,promptly
RB,properly
RB,proudly
RB,publicly
RB,purely
RB,quickly
RB,quietly
RB,quite
RB,rapidly
RB,rarely
RB,rather
RB,really
RB,reasonably
RB,recently
RB,regularly
RB,relatively
RB,remarkably
RB,repeatedly
RBR,farther
RB,rightly
RBR,more
RB,roughly
RB,rudely
RB,sadly
RB,safely
RB,secretly
RB,separately
RB,seriously
RB,severely
RB,sexually
RB,sharply
RB,shortly
RB,sideways
RB,significantly
RB,similarly
RB,simply
RB,sincerely
RB,skilfully
RB,slightly
RB,slowly
RB,smoothly
RBS,most
RB,so
RB,socially
RB,softly
RB,somehow
RB,sometimes
RB,somewhat
RB,somewhere
RB,soon
RB,south
RB,specially
RB,specifically
RB,steadily
RB,steeply
RB,stiffly
RB,still
RB,strangely
RB,strictly
RB,strongly
RB,substantially
RB,successfully
RB,suddenly
RB,sufficiently
RB,surely
RB,surprisingly
RB,temporarily
RB,terribly
RB,then
RB,there
RB,therefore
RB,thickly
RB,thoroughly
RB,thus
RB,tightly
RB,together
RB,too
RB,totally
RB,traditionally
RB,truly
RB,twice
RB,typically
RB,ultimately
RB,unexpectedly
RB,unfairly
RB,unfortunately
RB,unusually
RB,unwillingly
RB,up
RB,upside
RB,upstairs
RB,usually
RB,very
RB,violently
RB,virtually
RB,well
RB,widely
RB,wildly
RB,willingly
RB,wrongly
RB,yet
RP,around
RP,away
RP,back
RP,down
RP,in
RP,off
RP,on
RP,out
RP,over
RP,up
SYM,re
TO,to
UH,hello
UH,hi
UH,oh
UH,yes
VB,absorb
VB,accept
VB,account
VB,achieve
VB,add
VB,adopt
VB,advertise
VB,affect
VB,afford
VB,allow
VB,alter
VB,amaze
VB,amuse
VB,announce
VB,apologize
VB,apply
VB,appoint
VB,appreciate
VB,arise
VB,arrange
VB,arrive
VB,ask
VB,assist
VB,assume
VB,assure
VB,attend
VB,attract
VB,avoid
VB,bake
VB,be
VB,begin
VB,believe
VB,bet
VB,bite
VB,boil
VB,borrow
VB,break
VB,breathe
VB,bring
VB,build
VB,bury
VB,buy
VB,call
VB,cancel
VB,cap
VB,carry
VB,catch
VB,celebrate
VB,chase
VB,cheat
VB,chew
VB,choose
VB,chop
VB,collect
VB,come
VB,comfort
VB,commit
VB,compete
VB,confine
VB,confront
VB,confuse
VB,connect
VB,consult
VB,convert
VB,convince
VB,cope
VB,cost
VB,create
VB,cross
VB,curl
VBD,advanced
VBD,alarmed
VBD,allied
VBD,attempted
VBD,beat
VBD,bore
VBD,bound
VBD,cast
VBD,closed
VBD,covered
VBD,cracked
VBD,crowded
VBD,cut
VB,decide
VB,declare
VB,decorate
VB,defeat
VB,defend
VB,define
VB,depend
VB,destroy
VB,determine
VBD,experienced
VBD,finished
VBD,flooded
VBD,hit
VB,die
VB,disappear
VB,disappoint
VB,dismiss
VB,dissolve
VB,distribute
VBD,knit
VBD,lay
VBD,left
VBD,lost
VB,do
VB,dominate
VBD,pointed
VBD,put
VBD,qualified
VB,draw
VBD,read
VB,drive
VBD,rounded
VBD,set
VBD,shocked
VBD,split
VBD,spread
VBD,stressed
VBD,striped
VBD,surprised
VBD,twisted
VBD,varied
VB,eat
VB,elect
VB,email
VB,embarrass
VB,ensure
VB,enter
VB,entertain
VB,entitle
VB,establish
VB,exaggerate
VB,expand
VB,expect
VB,explode
VB,explore
VB,expose
VB,express
VB,fall
VB,fetch
VB,finance
VB,find
VB,follow
VB,forget
VBG,according
VBG,approving
VBG,beginning
VBG,betting
VBG,building
VBG,climbing
VBG,concerning
VBG,contrasting
VBG,coughing
VBG,covering
VBG,disapproving
VBG,doing
VBG,drawing
VBG,driving
VBG,dying
VBG,ending
VB,get
VBG,excluding
VBG,farming
VBG,fighting
VBG,flying
VBG,following
VBG,including
VB,give
VBG,killing
VBG,knitting
VBG,lacking
VBG,leading
VBG,living
VBG,manufacturing
VBG,matching
VBG,missing
VBG,moving
VB,go
VBG,opposing
VBG,passing
VBG,providing
VBG,publishing
VBG,regarding
VBG,relaxing
VBG,remaining
VBG,riding
VB,grow
VBG,running
VBG,satisfying
VBG,saving
VBG,sewing
VBG,sting
VBG,suffering
VBG,surrounding
VBG,swelling
VBG,swimming
VBG,thinking
VBG,tiring
VBG,understanding
VBG,upsetting
VBG,walking
VBG,warning
VBG,washing
VBG,winning
VBG,working
VBG,worrying
VBG,wrapping
VBG,writing
VB,handle
VB,hang
VB,happen
VB,have
VB,heal
VB,hear
VB,help
VB,hesitate
VB,hide
VB,hire
VB,hold
VB,honour
VB,hurry
VB,identify
VB,ignore
VB,impose
VB,impress
VB,improve
VB,infect
VB,install
VB,interpret
VB,introduce
VB,invent
VB,invest
VB,investigate
VB,invite
VB,involve
VB,irritate
VB,join
VB,justify
VB,keep
VB,knock
VB,let
VB,look
VB,make
VB,manage
VB,marry
VB,measure
VB,meet
VB,melt
VB,mention
VB,miss
VB,multiply
VBN,abandoned
VBN,amazed
VBN,amused
VBN,associated
VBN,attached
VBN,based
VBN,become
VBN,born
VBN,called
VBN,coloured
VBN,come
VBN,confined
VBN,controlled
VBN,cut
VBN,deserted
VBN,determined
VBN,divorced
VBN,dressed
VBN,educated
VBN,engaged
VBN,expected
VBN,fixed
VBN,found
VBN,involved
VBN,knitted
VBN,left
VBN,married
VBN,opposed
VBN,organized
VB,note
VBN,provided
VBN,put
VBN,read
VBN,relaxed
VBN,rented
VBN,repeated
VBN,ruined
VBN,run
VBN,set
VBN,shot
VBN,shut
VBN,spoken
VBN,spread
VBN,suited
VBN,thought
VBN,united
VBN,used
VBN,wounded
VBN,written
VB,obtain
VB,offend
VB,open
VB,overcome
VB,owe
VB,own
VBP,abandon
VBP,accompany
VBP,accuse
VBP,acknowledge
VBP,adapt
VBP,adjust
VBP,admit
VBP,advise
VBP,agree
VBP,analyse
VBP,anticipate
VBP,appear
VBP,approve
VBP,argue
VBP,arrive
VB,pass
VBP,attach
VBP,behave
VBP,believe
VBP,belong
VBP,bother
VBP,brave
VBP,burn
VBP,calculate
VBP,carry
VBP,cease
VBP,click
VBP,combine
VBP,communicate
VBP,compare
VBP,complain
VBP,complicate
VBP,conclude
VBP,confirm
VBP,congratulate
VBP,consider
VBP,consist
VBP,contain
VBP,continue
VBP,contribute
VBP,criticize
VBP,dare
VBP,deliver
VBP,demonstrate
VBP,deny
VBP,depend
VBP,depress
VBP,derive
VBP,describe
VBP,deserve
VBP,develop
VBP,devote
VBP,disagree
VBP,disapprove
VBP,discover
VBP,discuss
VBP,distinguish
VBP,disturb
VBP,do
VBP,drum
VBP,earn
VBP,educate
VBP,eleventh
VBP,emerge
VBP,emphasize
VBP,employ
VBP,enable
VBP,encourage
VBP,engage
VBP,enjoy
VB,perform
VB,persuade
VBP,examine
VBP,exclude
VBP,exhibit
VBP,exist
VBP,explain
VBP,extend
VBP,face
VBP,fail
VBP,feel
VBP,fly
VBP,forgive
VBP,freeze
VBP,frighten
VBP,gather
VBP,generate
VBP,give
VBP,go
VBP,govern
VBP,hammer
VBP,hang
VBP,have
VBP,head
VBP,hold
VB,photocopy
VB,pick
VBP,identify
VBP,illustrate
VBP,imagine
VBP,imply
VBP,include
VBP,indicate
VBP,inform
VBP,insist
VBP,intend
VBP,kill
VBP,know
VBP,learn
VB,please
VBP,leave
VBP,lend
VBP,lie
VBP,listen
VBP,locate
VBP,lock
VBP,lose
VBP,love
VBP,maintain
VBP,make
VBP,meet
VBP,miss
VBP,mount
VBP,observe
VBP,occupy
VBP,occur
VBP,operate
VBP,oppose
VBP,organize
VB,post
VBP,permit
VBP,plan
VBP,play
VBP,pose
VBP,possess
VBP,pour
VBP,predict
VBP,prefer
VBP,prepare
VBP,prevent
VBP,produce
VBP,promise
VBP,propose
VBP,protect
VBP,prove
VBP,provide
VBP,punish
VBP,react
VBP,realize
VBP,recall
VBP,receive
VBP,reckon
VBP,recognize
VBP,refuse
VBP,reject
VBP,relate
VBP,rely
VBP,remain
VBP,remember
VBP,represent
VBP,require
VB,preserve
VBP,resist
VBP,respond
VBP,result
VBP,reveal
VBP,rise
VB,proceed
VB,promote
VB,pronounce
VBP,run
VBP,say
VBP,score
VBP,seek
VBP,seem
VBP,serve
VBP,shine
VBP,show
VBP,sit
VBP,slip
VBP,speak
VBP,spend
VBP,stand
VBP,stare
VBP,stay
VBP,steal
VBP,suffer
VBP,suggest
VBP,suppose
VBP,survive
VBP,swim
VBP,switch
VBP,tackle
VBP,teach
VBP,tell
VBP,tend
VBP,think
VBP,threaten
VBP,try
VBP,tyre
VB,publish
VB,pull
VBP,understand
VBP,undo
VBP,unload
VB,pursue
VBP,use
VBP,vary
VBP,wander
VBP,want
VBP,warn
VBP,watch
VBP,whistle
VBP,wonder
VB,qualify
VB,quit
VB,quote
VB,reckon
VB,recommend
VB,recover
VB,reduce
VB,refer
VB,reflect
VB,relax
VB,remove
VB,rent
VB,replace
VB,reproduce
VB,restore
VB,restrict
VB,retain
VB,retire
VB,revise
VB,ruin
VB,satisfy
VB,save
VB,scream
VB,screw
VB,see
VB,sell
VB,send
VB,settle
VB,sew
VB,shave
VB,shoot
VB,shoulder
VB,sing
VB,sit
VB,solve
VB,speak
VB,speed
VB,stand
VB,start
VB,stay
VB,steer
VB,stick
VB,stir
VB,stop
VB,strike
VB,succeed
VB,surround
VB,swallow
VB,swear
VB,take
VB,tear
VB,tell
VB,thank
VB,think
VB,throw
VB,tie
VB,touch
VB,transform
VB,translate
VB,try
VB,turn
VB,unite
VB,use
VB,wait
VB,wear
VB,weigh
VB,win
VB,withdraw
VB,wound
VB,write
VBZ,means
VBZ,remains
WDT,whatever
WDT,which
WP,what
WP,who
WP,whoever
WP,whom
WP$,whose
WRB,how
WRB,when
WRB,whenever
WRB,where
WRB,wherever
WRB,why
